after,checkout,dairy,drinks,fruit,spices
checkout,1,0.3900406069673007,0.5367477592829706,0.49882858258492774,0.2506659563132658
dairy,0,0.0010686044026501388,0.027400768245838668,0.23799297149550958,0.32365476824720296
drinks,0,0.22269715751228894,0.0,0.13705583756345177,0.27277570591369205
fruit,0,0.19021158367172472,0.21920614596670934,0.0003904724716907458,0.15263718700053278
spices,0,0.19598204744603548,0.21664532650448143,0.12573213588442014,0.0002663825253063399
